SCHOOLNAME,SCHOOLCODE,LEVEL,TYPE,WARD,LAT,LON,ENROLLMENT,ATRISKPERCENT,ATRISKCOUNT,DEANOFSTUDENTS,ISSCOORDINATOR,GUIDANCECOUNSELOR,ATTENDCOUNSELOR,PSYCH,SOCIALWORKER,INTERVENTIONCOACH,ENGLISHTEACHER,MATHTEACHER,READINGTEACHER,RESOURCETEACHER,SCIENCETEACHER,SOCIALSTUDIESTEACHER,ARTTEACHER,HEALTHTEACHER,MUSICTEACHER,LANGUAGETEACHER,SPEDTEACHER,SPEDAIDE,BEHAVIORTECH,ASSTPRINCIPALINTERVENTION,READINGSPECIALIST,ASSTPRINCIPALLITERACY,PWPSTUDENTSATISFACTION,EXTENDEDDAY,MIDDLEGRADEACTIVITIES,ECR,OTHER,STABLIZATION,NEWHEIGHTS,READINGPARTNERS,ATRISKTOTALSchool Without Walls HS ,175,es,Regular School,6,38.89756498,-76.99318304,205,0.085,17,,,94600,,,,,94600,94600,,,,141900,,,,94600,,,,,,,90900,100000,28000,,,,,,739300Aiton ES ,202,es,Regular school,7,38.89700181,-76.93370092,247,0.733,181,,,,,,,,,,,,,,,,,,,30900,,,,,24500,100000,,,,,,29200,184600Amidon-Bowen ES ,203,es,Regular school,6,38.8795154,-77.0181253,342,0.728,249,,,,,,,,,,,,,,,,,,189300,30900,39000,,,,37200,100000,,,,,,29200,425600Bancroft ES ,204,es,Regular school,1,38.93431836,-77.04055344,490,0.32,157,,,,,,,,,,,,,,,,,,,,,,,,50400,,,,,,,,50400Barnard ES ,205,es,Regular school,4,38.94823095,-77.01777708,583,0.443,258,,,,,,,,,,,,,,,,,,,,,,94600,,60500,,,,,,,,155100Beers ES ,206,es,Regular school,7,38.86434984,-76.95560475,422,0.595,251,,,,,,,,,,,,,,,,,,,,,,,,43500,,,,,,,,43500Brent ES ,212,es,Regular school,6,38.88480121,-77.00145985,359,0.056,20,,,,,,,,,,,,,,,,,,,,,,,,36300,,,,,,,,36300Brightwood EC ,213,campus,Regular school,4,38.96053573,-77.03068885,615,0.459,282,89400,,,,,,,,,,94600,94600,94600,,94600,,47300,,,,,,118700,63500,100000,28000,,,,,,825400Burroughs EC ,220,campus,Regular school,5,38.93350266,-76.97845637,278,,,,46000,,,,47300,,,,,,,94600,,47300,,47300,,,,,,,27200,100000,28000,,,,,,437800Burrville ES ,221,es,Regular school,7,38.90056577,-76.92445918,354,0.554,196,,,,,,,,,,,,,,,,,,,,39000,,,,34500,,,,,,,,73500Cleveland ES ,224,es,Regular school,1,38.91514529,-77.02270718,303,0.512,155,,,,,,,,,,,,,,,,,,,,,,94600,,31100,,,,,20100,,,145800H.D. Cooke ES ,227,es,Regular school,1,38.92394309,-77.03881058,396,0.538,213,,,,,,,,,,,,,,,,,,,,,,,,41300,100000,,,,,,29200,170500Drew ES ,231,es,Regular school,7,38.89599397,-76.91992701,168,0.768,129,,,,,,,,,,,,,,,,,,,,,,,,16900,100000,,,,,,29200,146100Eaton ES ,232,es,Regular school,3,38.93272707,-77.06582114,470,0.06,28,,,,,,,,,,,,,,,,,,,,,,,,47700,,,,,,,,47700Garfield ES ,238,es,Regular school,8,38.85173338,-76.97080478,266,0.771,205,,,,,,,,,,,,,,,,,,189300,123400,,,,,27600,100000,,,,,,29200,469500Garrison ES ,239,es,Regular school,2,38.91390129,-77.02861256,280,0.536,150,,,,,,,,,,,,,,,,,,,,,,,,28900,,,,,,,,28900Hardy MS ,246,ms,Regular school,2,38.91550903,-77.0686139,371,0.27,100,,,,50000,,,,189300,94600,,,94600,94600,,,,47300,,,,,,,40000,100000,28000,,,,,,738500C.W. Harris ES ,247,es,Regular school,7,38.88359883,-76.9261155,269,0.695,187,,,,,,,,,,,,,,,,,,,,,,94600,,27900,100000,,,,216700,,29200,468400Hendley ES ,249,es,Regular school,8,38.82898591,-76.99918485,521,0.831,433,,,,,,,,,,,,,,,,,,,,39000,,,,53300,,,,,,,,92300Houston ES ,251,es,Regular school,7,38.90541532,-76.92994765,274,0.679,186,,,,,,,,,,,,,,,,,,189300,154300,,,,,28200,,,,,,,,371800Hyde-Addison ES ,252,es,Regular school,2,38.90801957,-77.06453782,334,0.066,22,,,,,,,,,,,,,,,,,,,,,,,,34100,,,,,,,,34100Janney ES ,254,es,Regular school,3,38.94755042,-77.08099483,627,0.011,7,,,,,,,,,,,,,,,,,,,,,,,,67200,,,,,,,,67200Ketcham ES ,257,es,Regular school,8,38.86604269,-76.98362116,306,0.778,238,,,,,,,,,,,,,,,,,,94600,,,,,,31800,100000,,,,,,29200,255700Hearst ES ,258,es,Regular school,3,38.94072265,-77.07195522,287,0.146,42,,,,,,,,,,,,,,,,,,,,,,,,29300,,,,,,,,29300Kimball ES ,259,es,Regular school,7,38.88308309,-76.95757271,330,0.712,235,,,,,,,,,,,,,,,,,,,,,,,,34500,100000,,,,,,29200,163700Lafayette ES ,261,es,Regular school,4,38.96662755,-77.06803712,689,0.035,24,,,,,,,,,,,,,,,,,,,,,,,,70000,,,,,,,,70000Langdon EC ,262,campus,Regular school,5,38.92470416,-76.97708185,349,0.567,198,,,94600,,,,,,,94600,,,,47300,,,,94600,61700,,,,,33800,100000,28000,,,,,,554700LaSalle-Backus EC ,264,campus,Regular school,4,38.95997214,-76.99988254,342,0.579,198,,,94600,,,,,,,94600,,,,,,,,47300,,,,,,35700,100000,28000,,,,,29200,429500Mamie D. Lee ,265,campus,Special Education school,5,38.95251344,-77.00722496,62,0.532,33,,,,,,,,,,,,,,,,,,,30900,,,,,10000,,,,,,,,40900Leckie ES ,266,es,Regular school,8,38.82819678,-77.01289191,374,0.527,197,,,,,,,,,,,,,,,,,,94600,,,,,,40200,,,,,,,,134800Ludlow-Taylor ES ,271,es,Regular school,6,38.89874414,-76.99649249,299,0.371,111,,,,,,,,,,,,,,,,,,,,,,,,33600,,,,,,,,33600Key ES ,272,es,Regular school,3,38.92680184,-77.10052732,381,0.029,11,,,,,,,,,,,,,,,,,,,,,,,,39100,,,,,,,,39100Mann ES ,273,es,Regular school,3,38.93429231,-77.08782619,287,0.007,2,,,,,,,,,,,,,,,,,,,,,,,,30100,,,,,,,,30100Maury ES ,274,es,Regular school,6,38.89218519,-76.9886575,339,0.198,67,,,,,,,,,,,,,,,,,,,,,,,,36200,,,,,,,,36200Miner ES ,280,es,Regular school,6,38.89737602,-76.98290432,426,0.721,307,,,,,,,,,,,,,,,,,,,30900,,,,,40800,,,,,502200,,,573800Marie Reed ES ,284,es,Regular school,1,38.91911214,-77.04082224,377,0.355,134,,,,,,,,,,,,,,,,,,,,,,,,39000,,,,,,,,39000Moten ES ,285,es,Regular school,8,38.856656,-76.98294368,362,0.798,289,,,,,,,,,,,,,,,,,,189300,30900,,,,,40000,100000,,,,,,29200,389300Murch ES ,287,es,Regular school,3,38.95293352,-77.07007921,626,0.037,23,,,,,,,,,,,,,,,,,,,,,,189300,,68000,,,,,,,,257300Nalle ES ,288,es,Regular school,7,38.88595442,-76.93079651,369,0.721,266,,,,,,,,,,,,,,,,,,,,,,,,38000,100000,,,,,,29200,167200Noyes EC ,290,campus,Regular school,5,38.92517798,-76.99184288,305,0.557,170,,46000,,,47300,189300,,,,,,,94600,47300,,,47300,94600,30900,,,94600,,30700,100000,28000,,,,,29200,879900Orr ES ,291,es,Regular school,8,38.87179716,-76.97448402,355,0.721,256,,,,,,,,,,,,,,,,,,,92600,,,,,37200,100000,,,,36100,,29200,295100Oyster-Adams Bilingual ,292,campus,Regular school,3,38.92359583,-77.05720337,661,0.067,44,89400,,189300,,,,,,,,,94600,189300,,,,,,,,,,,65700,100000,28000,,,,,,756200Patterson ES ,294,es,Regular school,8,38.82696636,-77.00848471,356,0.775,276,,,,,,,,,,,,,,,,,,189300,30900,,,,,37400,100000,,,,,,29200,386700Payne ES ,295,es,Regular school,6,38.88517068,-76.98498373,258,0.547,141,,,,,,,,,,,,,,,,,,189300,30900,,,,,27900,,,,,,,,248000Bruce-Monroe ES @ Park View ,296,es,Regular school,1,38.9344141,-77.02118567,465,0.542,252,,,,,,,,,,,,,,,,,,,,,,,,47000,,,,,,,,47000Plummer ES ,299,es,Regular school,7,38.8872402,-76.93993468,416,0.772,321,,,,,,,,,,,,,,,,,,,,39000,,,,43400,,,,,,,,82400Powell ES ,300,es,Regular school,4,38.94153434,-77.03122742,406,0.446,181,,,,,,,,,,,,,,,,,,,,,,,,43500,,,,,,,,43500Peabody ES ,301,es,Regular school,6,38.89289632,-76.99985799,228,0.07,16,,,,,,,,,,,,,,,,,,,,,,,,22900,,,,,,,,22900Raymond EC ,302,campus,Regular school,4,38.93581121,-77.02643266,543,0.455,247,,,94600,,94600,,94600,,,,,,,94600,189300,94600,,,,,,,,55300,100000,28000,,,,,,845700Ross ES ,305,es,Regular school,2,38.91239115,-77.03966214,161,0.075,12,,,,,,,,,,,,,,,,,,,,,,94600,,16800,,,,,,,,111400Savoy ES ,307,es,Regular school,8,38.86285199,-76.99360426,408,0.73,298,,,,,,,,,,,,,,,,,,,,,,,,41900,100000,,,,,,29200,171100Malcolm X ES ,308,es,Regular school,8,38.8416454,-76.98339857,225,0.76,171,,,,,,,,,,,,,,,,,,,,,,,,21800,100000,,,,,,29200,151000Seaton ES ,309,es,Regular school,6,38.9106187,-77.02488247,253,0.514,130,,,,,,,,,,,,,,,,,,94600,,,,,118700,27800,,,,,,,,241100Sharpe Health School ,312,campus,Special Education School,4,38.94347466,-77.03046833,67,0.507,34,,,,,,,,,,,,,,,,,,,30900,,,,,10000,,,,,,,,40900Shepherd ES ,313,es,Regular school,4,38.98460328,-77.03399523,304,0.151,46,,,,,,,,,,,,,,,,,,,,,,,,32100,,,,,,,,32100Simon ES ,315,es,Regular school,8,38.83598054,-77.000195,296,0.76,225,,,,,,,,,,,,,,,,,,,,,,,,31000,100000,,,,,,29200,160200Randle Highlands ES ,316,es,Regular school,7,38.87009174,-76.96435628,335,0.648,217,,,,,,,,,,,,,,,,,,,,,,,,32800,,,,,72700,,,105500Stanton ES ,319,es,Regular school,8,38.85927211,-76.96849023,585,0.831,486,,,,,,,,,,,,,,,,,,,,,,,,60700,100000,,,500000,,,29200,689900Stoddert ES ,321,es,Regular school,3,38.92304465,-77.0790738,381,0.037,14,,,,,,,,,,,,,,,,,,,,,,,,42900,,,,,,,,42900Smothers ES ,322,es,Regular school,7,38.89355404,-76.93846864,290,0.71,206,,,,,,,,,,,,,,,,,,,,,,,,30400,100000,,,,,,29200,159600Takoma EC ,324,campus,Vocational Shared Time,4,38.97504287,-77.02279493,442,0.466,206,,,94600,,,,,,,,,,,,,,47300,,,,,,,45800,100000,,,,,,,287700Thomas ES ,325,es,Regular school,7,38.90127897,-76.95211091,414,0.744,308,,,,,,,,,,,,,,,,,,94600,30900,39000,,,,43500,100000,,,,,,29200,337200Thomson ES ,326,es,Regular school,2,38.90349634,-77.02843003,289,0.415,120,,,,,,,,,,,,,,,,,,,,,,,,28000,,,,,,,,28000Truesdell EC ,327,campus,Regular school,4,38.95396869,-77.02507158,480,0.531,255,,,94600,,,,,,,,,,,,94600,,,,,,,,,48400,100000,28000,,,,,,365700Tubman ES ,328,es,Regular school,1,38.92919857,-77.0294433,509,0.631,321,,,,,,,,,,,,,,,,,,94600,,,,,,52700,,,,,,,,147300Turner ES ,329,es,Regular school,8,38.84763644,-76.98031323,403,0.779,314,,,,,,,,,,,,,,,,,,,30900,39000,,,,42600,100000,,,,,,29200,241700Tyler ES ,330,es,Regular school,6,38.88108436,-76.99204166,507,0.402,204,,,,,,,,,,,,,,,,,,,,,,94600,,54900,100000,,,,,,29200,278800Walker-Jones EC ,332,campus,Regular school,6,38.90419198,-77.01391569,454,0.718,326,,,,,,,,,,,,,,,,47300,,94600,30900,,,94600,,46100,100000,28000,,,,,29200,470800Watkins ES ,333,es,Regular school,6,38.88346701,-76.98999677,545,0.215,117,,,,,,,,,,,,,,,,,,,,,,94600,,52300,,,,,,,,146900Wheatley EC ,335,campus,Regular school,5,38.90411774,-76.98850077,442,0.781,345,,,,,,,,94600,94600,,,,,47300,,,47300,,,,,94600,,43500,100000,28000,,,,,29200,579200West EC ,336,campus,Regular school,4,38.95136741,-77.03225306,258,0.341,88,,,,,,94600,,,,,,,,,,,,,,,,,,27300,100000,18000,,,,,,239900Whittier EC ,338,campus,Regular school,4,38.96585727,-77.0192386,362,0.561,203,,46000,94600,,,,,,,,,,94600,,94600,,,283900,277700,,118700,,,34800,100000,28000,,,,,,1200000J.O. Wilson ES ,339,es,Regular school,6,38.902758,-76.99658902,433,0.485,210,,,,,,,,,,,,,,,,,,,,,,94600,,46200,,,,,,,,140800"King, M.L. ES ",344,es,Regular school,8,38.84244319,-76.99823899,410,0.81,332,,,,,,,,,,,,,,,,,,,,,,,,41200,100000,,,,42000,,29200,212400Brookland EC @ Bunker Hill ,346,campus,Regular school,5,38.94201247,-76.98499564,249,0.458,114,89400,,94600,,,,,,,,,94600,,47300,94600,,,,,,,,,23200,100000,28000,,,,,,571800Capitol Hill Montessori @ Logan ,360,campus,Regular school,6,38.89853031,-77.00256647,288,0.101,29,,,94600,50000,,,,94600,94600,,94600,,,47300,,,,,,,,,,33000,100000,28000,,,,,,636800Langley ES ,370,es,Regular school,5,38.91516879,-77.00588662,280,0.575,161,,,,,,,,,,,,,,,,,,94600,61700,,,94600,,29100,,,,,,,,280100Benjamin Banneker HS ,402,hs,Magnet School,1,38.92383276,-77.02397697,430,0.226,97,,,,,,,,,,,,,,,,,,,,,,,118700,44500,,,,,,,,163200Browne EC ,404,campus,Regular school,5,38.90259888,-76.97066706,349,0.679,237,,46000,47300,,,,,94600,94600,,94600,,,47300,,,,94600,,39000,,,,34800,100000,28000,,,,,29200,750200Deal MS ,405,ms,Regular school,3,38.95289674,-77.07519907,1248,0.085,106,,,94600,,,,,,189300,,,94600,94600,,,,141900,,,,,,,131000,100000,28000,,,,,,874100Eliot-Hine MS ,407,ms,Regular school,6,38.89243149,-76.97897792,292,0.709,207,,,,,,47300,,,,,,94600,,47300,94600,47300,94600,,30900,78000,118700,94600,,27500,100000,10000,,,,,,885500Hart MS ,413,ms,Regular school,8,38.83773787,-76.99717875,561,0.763,428,,46000,,,,94600,,94600,94600,,,,189300,94600,,,94600,189300,123400,,118700,,,57400,100000,28000,,,,,,1300000Johnson MS ,416,ms,Regular school,8,38.85133691,-76.98370368,271,0.76,206,,,94600,50000,47300,,,,,,94600,,,,,,47300,,,,118700,94600,,28300,100000,28000,,,,,,703500Kramer MS ,417,ms,Regular school,8,38.8712864,-76.9801713,368,0.791,291,,46000,94600,,,94600,,,,,94600,,,94600,,94600,94600,,61700,,118700,94600,,37100,100000,28000,,,,,,1100000Kelly Miller MS ,421,ms,Regular school,7,38.89331541,-76.93245515,513,0.721,370,,46000,,50000,,,,,189300,94600,,94600,94600,94600,94600,,,,30900,,118700,,,57000,100000,28000,,,,,,1100000Sousa MS ,427,ms,Regular school,7,38.88389441,-76.95315884,295,0.708,209,,,94600,,,,,,,,,,,,,94600,,,,39000,118700,,,28600,100000,28000,,,,,,503500Stuart-Hobson MS ,428,ms,Regular school,6,38.8962977,-77.00000438,417,0.305,127,,,,,,,,94600,189300,94600,94600,189300,,,94600,,189300,,,,118700,,,42400,100000,28000,,,,,,1200000Jefferson MS ,433,ms,Regular school,6,38.87987093,-77.02291066,299,0.625,187,,,47300,,,,,94600,94600,47300,,94600,,47300,94600,94600,,94600,30900,39000,118700,,,30700,100000,18000,,,,,,1000000Columbia Heights EC ,442,campus,Magnet School,1,38.92954477,-77.03585831,1266,0.422,534,89400,,189300,,,,,94600,94600,,,,,,94600,,,,,,,,,127500,100000,80600,52600,,,68200,,991400Anacostia HS ,450,hs,Regular school,8,38.87008406,-76.98307725,751,0.791,594,,,,,,,,,,,,,,,,,,,123400,,,,118700,77400,,97100,97100,,,,,513700Ballou HS ,452,hs,Vocational Shared Time,8,38.83938266,-77.00097526,678,0.717,486,,,,,,,,,,,,,,,,,,,30900,,,,118700,65500,,80900,80900,947100,984900,68200,,2400000Cardozo EC ,454,campus,Vocational Shared Time,1,38.92217286,-77.02847069,681,0.645,439,,92100,,,,,,283900,189300,94600,,,,47300,,,,283900,123400,,118700,94600,,71700,100000,53000,25000,,,,,1600000Coolidge HS ,455,hs,Vocational Shared Time,4,38.96728457,-77.01957835,433,0.582,252,,,,,,,,,,,,,,,,,,,,117000,,,,41000,,40500,40500,,121500,68200,,428600Roosevelt STAY ,456,,Vocational Shared Time,4,38.94360856,-77.02777641,850,,,,,,,,,,,,,,,,,,,,,,,,,,65500,,,,189300,,68200,,322900Eastern HS ,457,hs,Vocational Shared Time,6,38.89040266,-76.97968429,783,0.596,467,,,,,,,,,,,,,,,,,,473100,,,,,,103000,,60700,60700,,,,,697500McKinley Tech EC ,458,hs,Magnet School,5,38.91522012,-77.00412244,674,0.323,218,178700,,189300,,,94600,,,,,,,,47300,,47300,,,,,,,,91000,100000,28000,,,,,,776300Roosevelt HS ,459,hs,Vocational Shared Time,4,38.94360856,-77.02777641,438,0.696,305,,,,,,,,,,,,,,,,,,,61700,78000,,,,43200,,66600,66600,,,68200,,384400Ballou STAY ,462,hs,Alternative Education School,8,38.83938266,-77.00097526,578,,,,,,,,,,,,,,,,,,,,,,,,,,48500,,,,189300,,68200,,305900Wilson HS ,463,hs,Vocational Shared Time,3,38.95015672,-77.0777757,1696,0.201,341,,,,,,,,,,,,,,,,,,,,,,,,170800,,72800,72800,,,68200,,384600"Woodson, H.D. HS ",464,hs,Vocational Shared Time,7,38.89678662,-76.92232826,762,0.685,522,,,,,,,,,,,,,,,,,,,,39000,,,,72900,,72800,72800,180000,,68200,,505700School-Within-School @ Goding ,466,hs,Magnet School,2,38.89812412,-77.04818647,585,0.078,46,,,,,,,,,,,,,,,,,,,,,,,,24300,,,,,,,,24300Dunbar HS ,467,hs,Regular school,5,38.90762655,-77.01269148,628,0.658,413,,,,,,,,,,,,,,,,,,94600,,,,,,62500,299000,56600,56600,,,68200,,637800Ellington School of the Arts ,471,hs,Magnet School,2,38.91344638,-77.07030757,541,0.214,116,,,,,,,,,,,,,,,,,,,,,,,,51500,,,,,,,,51500Washington Met HS ,474,hs,Regular school,1,38.92043047,-77.01558101,280,,,,,,,,,,,,,,,,,,,,,,,,,,30400,,40500,40500,,,68200,,179500Phelps ACE HS ,478,hs,Magnet School/Vocational Shared Time,5,38.90199202,-76.97189763,319,0.47,150,,,,,,,,,,,,,,,,,,,,,,,,35400,,24300,24300,,428100,,,512100Incarcerated Youth Program ,480,,,,,,26,,,,,,,,,,,,,,,,,,,,,,,,,,10000,,8100,8100,,,,,26200Youth Services Center ,861,campus,Alternative Education School,5,38.91213959,-76.98858584,89,,,,,,,,,,,,,,,,,,,,,,,,,,10000,,,,,,,,10000Luke Moore Alternative HS ,884,hs,Vocational Shared Time,5,38.93227638,-76.99231633,364,,,,,,,,,,,,,,,,,,,,,,,,,,38200,,92400,92400,,,68200,,291200CHOICE Academy ,947,hs,Alternative Education School,5,38.9135031,-77.00677594,,,,,,,,,,,,,,,,,,,,,,,,,,,10000,,,,,,,,10000